<?xml version="1.0"?>
<entries xmlns:xsi="http://www.w3.org/2001/XMLSchema-instance" xmlns:xsd="http://www.w3.org/2001/XMLSchema">
  <entry name="" kind="folder" url="https://tfs03.codeplex.com:443/" path="$/sse/Main/" id="101016" changeset="7042" shadow="5141227c1b504463b21af33904794f9d" />
  <entry name="GlobalAssemblyInfo.cs" kind="file" id="123738" changeset="10586" />
  <entry name="localtestrun.2008.testrunconfig" kind="file" id="133364" changeset="10586" />
  <entry name="localtestrun.testrunconfig" kind="file" id="100824" changeset="10586" />
  <entry name="Samples" kind="folder" id="101017" changeset="7042" shadow="b00e2b9c6b2d4815b5d9f87271672bdd" />
  <entry name="SimpleSharing.2008.sln" kind="file" id="122963" changeset="10586" />
  <entry name="SimpleSharing.2008.vsmdi" kind="file" id="133365" changeset="10586" />
  <entry name="SimpleSharing.2008.vssscc" kind="file" id="122964" changeset="9227" />
  <entry name="SimpleSharing.sln" kind="file" id="100825" changeset="10586" />
  <entry name="SimpleSharing.vsmdi" kind="file" id="100826" changeset="10586" />
  <entry name="SimpleSharing.vssscc" kind="file" id="100827" changeset="7042" />
  <entry name="Source" kind="folder" id="101028" changeset="7042" shadow="bfc1db6b44ec4c66962cb8b8713d1c2b" />
  <entry name="UnitTests" kind="folder" id="101032" changeset="7042" shadow="1755441998354136a43dc8472e8f6301" />
</entries>