<?xml version="1.0"?>
<entries xmlns:xsi="http://www.w3.org/2001/XMLSchema-instance" xmlns:xsd="http://www.w3.org/2001/XMLSchema">
  <entry name="" kind="folder" url="https://tfs03.codeplex.com:443/" path="$/sse/Main/Source/" id="101028" changeset="7042" shadow="bfc1db6b44ec4c66962cb8b8713d1c2b" />
  <entry name="AccessSyncRepository.cs" kind="file" id="106994" changeset="10340" />
  <entry name="Behaviors" kind="folder" id="101029" changeset="7042" shadow="96f125a61cb94a96bccf88f9f16e787d" />
  <entry name="CompoundRepository.cs" kind="file" id="137163" changeset="10791" />
  <entry name="DataEventArgs.cs" kind="file" id="100878" changeset="7042" />
  <entry name="DbRepository.cs" kind="file" id="104219" changeset="9281" />
  <entry name="DbSyncRepository.cs" kind="file" id="100879" changeset="10776" />
  <entry name="DeviceAuthor.cs" kind="file" id="100880" changeset="8850" />
  <entry name="DynamicXmlItem.cs" kind="file" id="100881" changeset="10247" />
  <entry name="FeedReader.cs" kind="file" id="106426" changeset="10586" />
  <entry name="FeedWriter.cs" kind="file" id="100882" changeset="9292" />
  <entry name="Guard.cs" kind="file" id="100883" changeset="8857" />
  <entry name="ICloneable.cs" kind="file" id="100885" changeset="7042" />
  <entry name="IRepository.cs" kind="file" id="136737" changeset="10787" />
  <entry name="ISyncRepository.cs" kind="file" id="100887" changeset="10791" />
  <entry name="ItemEventArgs.cs" kind="file" id="133366" changeset="10586" />
  <entry name="ItemMergeResult.cs" kind="file" id="100888" changeset="7042" />
  <entry name="IXmlItem.cs" kind="file" id="100889" changeset="10247" />
  <entry name="IXmlRepository.cs" kind="file" id="100890" changeset="10791" />
  <entry name="MergeOperation.cs" kind="file" id="100891" changeset="7042" />
  <entry name="Model" kind="folder" id="101030" changeset="7042" shadow="3f3c0ee964324604b88f22c314a6f8e7" />
  <entry name="NullXmlItem.cs" kind="file" id="100892" changeset="10236" />
  <entry name="ObjectDumper.cs" kind="file" id="100893" changeset="7042" />
  <entry name="PreviewBehavior.cs" kind="file" id="136736" changeset="10586" />
  <entry name="PreviewImportHandler.cs" kind="file" id="136735" changeset="10586" />
  <entry name="Properties" kind="folder" id="101031" changeset="7042" shadow="634c01f6c7f94fc1a30e7a65d1c39d28" />
  <entry name="RssDateTime.cs" kind="file" id="100894" changeset="9068" />
  <entry name="RssFeedReader.cs" kind="file" id="100895" changeset="10586" />
  <entry name="RssFeedWriter.cs" kind="file" id="100896" changeset="8922" />
  <entry name="Schema.cs" kind="file" id="100897" changeset="7042" />
  <entry name="SerializerXmlItem.cs" kind="file" id="100898" changeset="10247" />
  <entry name="SimpleSharing.CF.csproj" kind="file" id="100899" changeset="10787" />
  <entry name="SimpleSharing.CF.csproj.vspscc" kind="file" id="100900" changeset="7042" />
  <entry name="SimpleSharing.csproj" kind="file" id="100901" changeset="10787" />
  <entry name="SimpleSharing.csproj.vspscc" kind="file" id="100902" changeset="7042" />
  <entry name="SyncEngine.cs" kind="file" id="100903" changeset="10787" />
  <entry name="Timestamp.cs" kind="file" id="100904" changeset="7042" />
  <entry name="XmlItem.cs" kind="file" id="100905" changeset="10247" />
  <entry name="XmlNamespaceFilteringReader.cs" kind="file" id="100906" changeset="7042" />
  <entry name="XmlNamespaces.cs" kind="file" id="100907" changeset="7042" />
  <entry name="XmlSharingWriter.cs" kind="file" id="100908" changeset="7042" />
  <entry name="XmlWrappingReader.cs" kind="file" id="100909" changeset="7457" />
  <entry name="XmlWrappingWriter.cs" kind="file" id="100910" changeset="7042" />
</entries>