<?xml version="1.0"?>
<entries xmlns:xsi="http://www.w3.org/2001/XMLSchema-instance" xmlns:xsd="http://www.w3.org/2001/XMLSchema">
  <entry name="" kind="folder" url="https://tfs03.codeplex.com:443/" path="$/sse/Main/UnitTests/" id="101032" changeset="7042" shadow="1755441998354136a43dc8472e8f6301" />
  <entry name="Access2007.accdb" kind="file" id="106991" changeset="7526" />
  <entry name="AccessSyncRepositoryFixture.cs" kind="file" id="106995" changeset="8928" />
  <entry name="Behaviors" kind="folder" id="101033" changeset="7042" shadow="34dcda2a11994eac93cefcf2e819a877" />
  <entry name="CompoundRepositoryFixture.cs" kind="file" id="136467" changeset="10787" />
  <entry name="Customers.xml" kind="file" id="100925" changeset="7042" />
  <entry name="DbSyncRepositoryFixture.cs" kind="file" id="100926" changeset="10340" />
  <entry name="DynamicXmlItemFixture.cs" kind="file" id="100927" changeset="10247" />
  <entry name="feed.sse" kind="file" id="120705" changeset="8912" />
  <entry name="Feed.xml" kind="file" id="100928" changeset="7042" />
  <entry name="FeedReaderFixture.cs" kind="file" id="106427" changeset="7457" />
  <entry name="ItemEventArgsFixture.cs" kind="file" id="136159" changeset="10787" />
  <entry name="Mocks" kind="folder" id="101034" changeset="7042" shadow="39ff0cc486bd421d9f2ea86ff6410768" />
  <entry name="Model" kind="folder" id="101035" changeset="7042" shadow="0f26852ee47545efb03085104671497c" />
  <entry name="MSLiveLabsFixture.cs" kind="file" id="106569" changeset="8850" />
  <entry name="NullXmlItemFixture.cs" kind="file" id="109980" changeset="10247" />
  <entry name="Properties" kind="folder" id="101036" changeset="7042" shadow="49c17e94bb274f28abf1a768faaf856a" />
  <entry name="RssDateTimeFixture.cs" kind="file" id="100930" changeset="7042" />
  <entry name="RssReaderFixture.cs" kind="file" id="100931" changeset="10787" />
  <entry name="RssReaderWriterFixture.cs" kind="file" id="100932" changeset="10787" />
  <entry name="RssWriterFixture.cs" kind="file" id="100933" changeset="10787" />
  <entry name="SerializerXmlItemFixture.cs" kind="file" id="100934" changeset="10247" />
  <entry name="SimpleSharing.Tests.CF.csproj" kind="file" id="100935" changeset="10787" />
  <entry name="SimpleSharing.Tests.CF.csproj.vspscc" kind="file" id="100936" changeset="7042" />
  <entry name="SimpleSharing.Tests.csproj" kind="file" id="100937" changeset="10787" />
  <entry name="SimpleSharing.Tests.csproj.vspscc" kind="file" id="100938" changeset="7042" />
  <entry name="SyncEngine2Fixture.cs" kind="file" id="133367" changeset="10787" />
  <entry name="SyncRepositoryFixture.cs" kind="file" id="123740" changeset="10236" />
  <entry name="TestFixtureBase.cs" kind="file" id="100940" changeset="7042" />
  <entry name="TimestampFixture.cs" kind="file" id="100941" changeset="7042" />
  <entry name="XmlItemFixture.cs" kind="file" id="100942" changeset="10247" />
  <entry name="XmlNamespaceFilteringReaderFixture.cs" kind="file" id="100943" changeset="7042" />
  <entry name="XmlNoNsReader.cs" kind="file" id="100944" changeset="7042" />
  <entry name="XmlRepositoryFixture.cs" kind="file" id="123741" changeset="10247" />
</entries>