<?xml version="1.0"?>
<entries xmlns:xsi="http://www.w3.org/2001/XMLSchema-instance" xmlns:xsd="http://www.w3.org/2001/XMLSchema">
  <entry name="" kind="folder" url="https://tfs03.codeplex.com:443/" path="$/sse/" id="100463" changeset="7001" shadow="ff024ff4849d4077b85ea557a48db386" />
  <entry name="AllIcons.png" kind="file" id="123017" changeset="9230" />
  <entry name="Branches" kind="folder" id="101009" changeset="7042" shadow="b4edeba769ee4d7780b17fed849c43a4" />
  <entry name="createDrop.bat" kind="file" id="136719" changeset="10581" />
  <entry name="Docs" kind="folder" id="101014" changeset="7042" shadow="58f161727c5f48f3996913f0acda5770" />
  <entry name="Drops" kind="folder" id="101176" changeset="7090" shadow="dca1359719494e87aa98f89a737784f0" />
  <entry name="Lib" kind="folder" id="101015" changeset="7042" shadow="166af2e069214dd28d9c869b7ae4a7cd" />
  <entry name="Logo16.png" kind="file" id="123018" changeset="9230" />
  <entry name="Logo32.png" kind="file" id="123019" changeset="9230" />
  <entry name="Logo64.png" kind="file" id="123020" changeset="9230" />
  <entry name="Main" kind="folder" id="101016" changeset="7042" shadow="5141227c1b504463b21af33904794f9d" />
  <entry name="Mvp-Xml.Net20.Public.snk" kind="file" id="123012" changeset="9231" />
  <entry name="sign-assembly.bat" kind="file" id="123013" changeset="10582" />
  <entry name="signcode.exe" kind="file" id="123015" changeset="9231" />
  <entry name="sign-file.bat" kind="file" id="123014" changeset="9231" />
  <entry name="SkipVerification.bat" kind="file" id="101112" changeset="9231" />
  <entry name="sse.ico" kind="file" id="123021" changeset="9230" />
  <entry name="Tools" kind="folder" id="101037" changeset="7042" shadow="a3d44d52b5114abc96c9bd506682a8bf" />
</entries>