<?xml version="1.0"?>
<entries xmlns:xsi="http://www.w3.org/2001/XMLSchema-instance" xmlns:xsd="http://www.w3.org/2001/XMLSchema">
  <entry name="" kind="folder" url="https://tfs03.codeplex.com:443/" path="$/sse/Lib/" id="101015" changeset="7042" shadow="166af2e069214dd28d9c869b7ae4a7cd" />
  <entry name="CustomValidation.dll" kind="file" id="100998" changeset="7042" />
  <entry name="MCSF" kind="folder" id="123666" changeset="9263" shadow="683e4816ec0b4f8baf56c092b3dd848d" />
  <entry name="Microsoft.Practices.EnterpriseLibrary.Common.dll" kind="file" id="104874" changeset="7310" />
  <entry name="Microsoft.Practices.EnterpriseLibrary.Common.xml" kind="file" id="104875" changeset="7310" />
  <entry name="Microsoft.Practices.EnterpriseLibrary.Data.dll" kind="file" id="104876" changeset="7310" />
  <entry name="Microsoft.Practices.EnterpriseLibrary.Data.SqlCe.dll" kind="file" id="104877" changeset="7310" />
  <entry name="Microsoft.Practices.EnterpriseLibrary.Data.SqlCe.xml" kind="file" id="104878" changeset="7310" />
  <entry name="Microsoft.Practices.EnterpriseLibrary.Data.xml" kind="file" id="104879" changeset="7310" />
  <entry name="Microsoft.Practices.ObjectBuilder.dll" kind="file" id="104880" changeset="7310" />
  <entry name="NMock2.dll" kind="file" id="101008" changeset="7042" />
</entries>