<?xml version="1.0"?>
<entries xmlns:xsi="http://www.w3.org/2001/XMLSchema-instance" xmlns:xsd="http://www.w3.org/2001/XMLSchema">
  <entry name="" kind="folder" url="https://tfs03.codeplex.com:443/" path="$/sse/Main/Samples/CustomerLibrary/" id="101020" changeset="7042" shadow="c30e4e37465746cd8a4929678b8bc7d6" />
  <entry name="Customer.cs" kind="file" id="100829" changeset="7042" />
  <entry name="CustomerConverter.cs" kind="file" id="100830" changeset="10247" />
  <entry name="CustomerDataAccess.cs" kind="file" id="100831" changeset="7492" />
  <entry name="CustomerIdMapper.cs" kind="file" id="100832" changeset="7492" />
  <entry name="CustomerLibrary.csproj" kind="file" id="100833" changeset="9227" />
  <entry name="CustomerLibrary.csproj.vspscc" kind="file" id="100834" changeset="7042" />
  <entry name="CustomerRepository.cs" kind="file" id="100835" changeset="10247" />
  <entry name="Guard.cs" kind="file" id="119275" changeset="8857" />
  <entry name="Properties" kind="folder" id="101021" changeset="7042" shadow="e268faea2eca49f38ceb2050f5f61cc4" />
</entries>