<?xml version="1.0"?>
<entries xmlns:xsi="http://www.w3.org/2001/XMLSchema-instance" xmlns:xsd="http://www.w3.org/2001/XMLSchema">
  <entry name="" kind="folder" url="https://tfs03.codeplex.com:443/" path="$/sse/Main/Samples/CustomerSample/" id="101022" changeset="7042" shadow="6a8fef54878347f89dc824715d9108bf" />
  <entry name="app.config" kind="file" id="100845" changeset="7492" />
  <entry name="CustomerSample.csproj" kind="file" id="100846" changeset="9227" />
  <entry name="CustomerSample.csproj.vspscc" kind="file" id="100847" changeset="7042" />
  <entry name="ExportFeed.cs" kind="file" id="100848" changeset="7042" />
  <entry name="ExportFeed.Designer.cs" kind="file" id="100849" changeset="7042" />
  <entry name="ExportFeed.resx" kind="file" id="100850" changeset="7042" />
  <entry name="MainForm.cs" kind="file" id="100851" changeset="7492" />
  <entry name="MainForm.Designer.cs" kind="file" id="100852" changeset="7042" />
  <entry name="MainForm.resx" kind="file" id="100853" changeset="7042" />
  <entry name="Program.cs" kind="file" id="100854" changeset="7492" />
  <entry name="Properties" kind="folder" id="101023" changeset="7042" shadow="b310b3670da4463aa40cdb0a14ddf4d6" />
  <entry name="SyncFeed.cs" kind="file" id="100855" changeset="7042" />
  <entry name="SyncFeed.Designer.cs" kind="file" id="100856" changeset="7042" />
  <entry name="SyncFeed.resx" kind="file" id="100857" changeset="7042" />
</entries>