<?xml version="1.0"?>
<entries xmlns:xsi="http://www.w3.org/2001/XMLSchema-instance" xmlns:xsd="http://www.w3.org/2001/XMLSchema">
  <entry name="" kind="folder" url="https://tfs03.codeplex.com:443/" path="$/sse/Main/Samples/CustomerSite/" id="101025" changeset="7042" shadow="a766d097d210478d8d4f6df70fc4f939" />
  <entry name="App_Code" kind="folder" id="122988" changeset="9228" shadow="b2cb67209974496ca233d90f32b91a58" />
  <entry name="App_Data" kind="folder" id="101026" changeset="7042" shadow="86cfecb51b474664a66674b644ffaeed" />
  <entry name="Bin" kind="folder" id="125054" changeset="9474" shadow="eb54e30e07fb44ce8206c6d1ae0a01aa" />
  <entry name="Default.aspx" kind="file" id="100867" changeset="9228" />
  <entry name="Default.aspx.cs" kind="file" id="100868" changeset="7492" />
  <entry name="Default.aspx.designer.cs" kind="file" id="100869" changeset="7042" />
  <entry name="obj" kind="folder" id="124402" changeset="9430" shadow="989926b47e2c429cbe87fc27e8f8ec60" />
  <entry name="Synchronization.ashx" kind="file" id="100870" changeset="7042" />
  <entry name="vwd.webinfo" kind="file" id="122981" changeset="10586" />
  <entry name="Web.config" kind="file" id="100872" changeset="9474" />
</entries>