<?xml version="1.0"?>
<entries xmlns:xsi="http://www.w3.org/2001/XMLSchema-instance" xmlns:xsd="http://www.w3.org/2001/XMLSchema">
  <entry name="" kind="folder" url="https://tfs03.codeplex.com:443/" path="$/sse/Tools/CFUnitTester/TestRunner/" id="101041" changeset="7042" shadow="53d79cd95f424a6b8591d24a1b858519" />
  <entry name="Properties" kind="folder" id="101042" changeset="7042" shadow="13b833c146774bb1aa391ca043f58681" />
  <entry name="TestAssemblyInfo.cs" kind="file" id="100972" changeset="7042" />
  <entry name="TestClassInfo.cs" kind="file" id="100973" changeset="7042" />
  <entry name="TestClassRunner.cs" kind="file" id="100974" changeset="7042" />
  <entry name="TestMethodInfo.cs" kind="file" id="100975" changeset="7042" />
  <entry name="TestRunner.csproj" kind="file" id="100976" changeset="9274" />
  <entry name="TestRunner.csproj.vspscc" kind="file" id="100977" changeset="7042" />
</entries>