<?xml version="1.0"?>
<entries xmlns:xsi="http://www.w3.org/2001/XMLSchema-instance" xmlns:xsd="http://www.w3.org/2001/XMLSchema">
  <entry name="" kind="folder" url="https://tfs03.codeplex.com:443/" path="$/sse/Tools/Configuration/UnitTests/Mocks/" id="123672" changeset="9263" shadow="6ca78d192bce4f178279a235c9624dea" />
  <entry name="IsolatedStorageStatePersistenceService.cs" kind="file" id="123603" changeset="9263" />
  <entry name="IStatePersistenceService.cs" kind="file" id="123604" changeset="9263" />
  <entry name="MenuItemElement.cs" kind="file" id="123605" changeset="9263" />
  <entry name="MenuItemElementCollection.cs" kind="file" id="123606" changeset="9263" />
  <entry name="MockCustomSection.cs" kind="file" id="123607" changeset="9263" />
  <entry name="MockEndpointClasses.cs" kind="file" id="123608" changeset="9263" />
  <entry name="MockParametersElement.cs" kind="file" id="123609" changeset="9263" />
  <entry name="MockServiceElement.cs" kind="file" id="123610" changeset="9263" />
  <entry name="MockServiceElementCollection.cs" kind="file" id="123611" changeset="9263" />
  <entry name="MockSettingsSection.cs" kind="file" id="123612" changeset="9263" />
  <entry name="MockSeveralAttributeTypesElement.cs" kind="file" id="123613" changeset="9263" />
  <entry name="MockShellItemsSection.cs" kind="file" id="123614" changeset="9263" />
  <entry name="SimpleElement.cs" kind="file" id="123615" changeset="9263" />
  <entry name="SimpleSection.cs" kind="file" id="123616" changeset="9263" />
</entries>