<?xml version="1.0"?>
<entries xmlns:xsi="http://www.w3.org/2001/XMLSchema-instance" xmlns:xsd="http://www.w3.org/2001/XMLSchema">
  <entry name="" kind="folder" url="https://tfs03.codeplex.com:443/" path="$/sse/Tools/" id="101037" changeset="7042" shadow="a3d44d52b5114abc96c9bd506682a8bf" />
  <entry name="CFUnitTester" kind="folder" id="101038" changeset="7042" shadow="062c3829730d46e2ae5c8992a87117b3" />
  <entry name="Configuration" kind="folder" id="123667" changeset="9263" shadow="c5b31f13c0a7479e966d1064d248cfae" />
  <entry name="Configuration.2008.sln" kind="file" id="123553" changeset="9263" />
  <entry name="Configuration.2008.vssscc" kind="file" id="123554" changeset="9263" />
  <entry name="Configuration.sln" kind="file" id="123732" changeset="9277" />
  <entry name="configuration.vsmdi" kind="file" id="123555" changeset="9263" />
  <entry name="Configuration.vssscc" kind="file" id="123735" changeset="9277" />
  <entry name="DataAccess" kind="folder" id="123674" changeset="9263" shadow="a9572dcdbb6a48728c24ab01845e3032" />
  <entry name="DataAccess.2008.sln" kind="file" id="123628" changeset="9263" />
  <entry name="DataAccess.2008.vsmdi" kind="file" id="123657" changeset="9263" />
  <entry name="DataAccess.2008.vssscc" kind="file" id="123629" changeset="9263" />
  <entry name="DataAccess.sln" kind="file" id="123733" changeset="9278" />
  <entry name="DataAccess.vsmdi" kind="file" id="123737" changeset="9278" />
  <entry name="DataAccess.vssscc" kind="file" id="123736" changeset="9278" />
  <entry name="localtestrun.testrunconfig" kind="file" id="123522" changeset="9263" />
  <entry name="PasswordAuthentication" kind="folder" id="123680" changeset="9263" shadow="1f3078f2c71944758d48f09a5618cb95" />
  <entry name="PasswordAuthentication.2008.sln" kind="file" id="123523" changeset="9263" />
  <entry name="PasswordAuthentication.2008.vsmdi" kind="file" id="123551" changeset="9263" />
  <entry name="PasswordAuthentication.2008.vssscc" kind="file" id="123524" changeset="9263" />
  <entry name="PasswordAuthentication.sln" kind="file" id="123734" changeset="9276" />
  <entry name="PasswordAuthentication.vsmdi" kind="file" id="123525" changeset="9263" />
  <entry name="TestUtilities" kind="folder" id="123685" changeset="9263" shadow="8f76a60bd8d94944a3a39948556b8009" />
</entries>