<?xml version="1.0"?>
<entries xmlns:xsi="http://www.w3.org/2001/XMLSchema-instance" xmlns:xsd="http://www.w3.org/2001/XMLSchema">
  <entry name="" kind="folder" url="https://tfs03.codeplex.com:443/" path="$/sse/Tools/PasswordAuthentication/UnitTests/" id="123683" changeset="9263" shadow="4d3e241c1d0a43a5bdc81680e2794232" />
  <entry name="AuthenticationTokenFixture.cs" kind="file" id="123541" changeset="9263" />
  <entry name="CryptographyUtilityFixture.cs" kind="file" id="123542" changeset="9263" />
  <entry name="CryptoNativeHelperFixture.cs" kind="file" id="123543" changeset="9263" />
  <entry name="PasswordIdentityFixture.cs" kind="file" id="123544" changeset="9263" />
  <entry name="PinAuthentication.Tests.CF.csproj" kind="file" id="123545" changeset="9263" />
  <entry name="PinAuthentication.Tests.CF.csproj.vspscc" kind="file" id="123546" changeset="9263" />
  <entry name="PinAuthentication.Tests.csproj" kind="file" id="123547" changeset="9276" />
  <entry name="PinAuthentication.Tests.csproj.vspscc" kind="file" id="123548" changeset="9263" />
  <entry name="Properties" kind="folder" id="123684" changeset="9263" shadow="f6e40d7b630f4f30838113d6734dc34d" />
  <entry name="SubArrayFixture.cs" kind="file" id="123549" changeset="9263" />
</entries>