<?xml version="1.0"?>
<entries xmlns:xsi="http://www.w3.org/2001/XMLSchema-instance" xmlns:xsd="http://www.w3.org/2001/XMLSchema">
  <entry name="" kind="folder" url="https://tfs03.codeplex.com:443/" path="$/sse/Tools/PasswordAuthentication/Src/" id="123681" changeset="9263" shadow="31856e78c7244564b26fb36797214ec1" />
  <entry name="AuthenticationToken.cs" kind="file" id="123526" changeset="9263" />
  <entry name="CryptNativeException.cs" kind="file" id="123527" changeset="9263" />
  <entry name="CryptNativeHelper.cs" kind="file" id="123528" changeset="9263" />
  <entry name="CryptographyUtility.cs" kind="file" id="123529" changeset="9263" />
  <entry name="Guard.cs" kind="file" id="123530" changeset="9263" />
  <entry name="IIdentity.cs" kind="file" id="123531" changeset="9263" />
  <entry name="IKeyProvider.cs" kind="file" id="123532" changeset="9263" />
  <entry name="Mobile.PasswordAuthentication.csproj" kind="file" id="123533" changeset="9274" />
  <entry name="Mobile.PasswordAuthentication.csproj.vspscc" kind="file" id="123534" changeset="9263" />
  <entry name="PasswordIdentity.cs" kind="file" id="123535" changeset="9263" />
  <entry name="Properties" kind="folder" id="123682" changeset="9263" shadow="fdbf426bfd624426b128fdbd676078b9" />
  <entry name="RsaAesCryptographyProvider.cs" kind="file" id="123536" changeset="9263" />
  <entry name="SubArray.cs" kind="file" id="123537" changeset="9263" />
</entries>