<?xml version="1.0"?>
<entries xmlns:xsi="http://www.w3.org/2001/XMLSchema-instance" xmlns:xsd="http://www.w3.org/2001/XMLSchema">
  <entry name="" kind="folder" url="https://tfs03.codeplex.com:443/" path="$/sse/Tools/Configuration/Src/" id="123668" changeset="9263" shadow="ce129392dd0341028b82eb7566b25a56" />
  <entry name="Configuration.cs" kind="file" id="123556" changeset="9263" />
  <entry name="ConfigurationElement.cs" kind="file" id="123557" changeset="9263" />
  <entry name="ConfigurationElementCollection.cs" kind="file" id="123558" changeset="9263" />
  <entry name="ConfigurationErrorsException.cs" kind="file" id="123559" changeset="9263" />
  <entry name="ConfigurationException.cs" kind="file" id="123560" changeset="9263" />
  <entry name="ConfigurationManager.cs" kind="file" id="123561" changeset="9263" />
  <entry name="ConfigurationPropertyAttribute.cs" kind="file" id="123562" changeset="9263" />
  <entry name="ConfigurationSection.cs" kind="file" id="123563" changeset="9263" />
  <entry name="ConfigurationSectionCollection.cs" kind="file" id="123564" changeset="9263" />
  <entry name="ConfigurationSectionInfo.cs" kind="file" id="123565" changeset="9263" />
  <entry name="ConfigurationSectionRepository.cs" kind="file" id="123566" changeset="9263" />
  <entry name="ConfigurationXmlRepository.cs" kind="file" id="123567" changeset="9263" />
  <entry name="Cryptography" kind="folder" id="123669" changeset="9263" shadow="d8ca7b3897194349a6c6343058ac8a2a" />
  <entry name="DirectoryUtils.cs" kind="file" id="123568" changeset="9263" />
  <entry name="Guard.cs" kind="file" id="123569" changeset="9263" />
  <entry name="Mobile.Configuration.csproj" kind="file" id="123570" changeset="9274" />
  <entry name="Mobile.Configuration.csproj.vspscc" kind="file" id="123571" changeset="9263" />
  <entry name="Properties" kind="folder" id="123670" changeset="9263" shadow="783e77ccc3de46d980487a3f8ea77462" />
  <entry name="ProtectedConfigurationProvider.cs" kind="file" id="123572" changeset="9263" />
  <entry name="RijndaelConfigurationProvider.cs" kind="file" id="123573" changeset="9263" />
</entries>