<?xml version="1.0"?>
<entries xmlns:xsi="http://www.w3.org/2001/XMLSchema-instance" xmlns:xsd="http://www.w3.org/2001/XMLSchema">
  <entry name="" kind="folder" url="https://tfs03.codeplex.com:443/" path="$/sse/Tools/DataAccess/Src/" id="123675" changeset="9263" shadow="bceb6dd9ace140e88d861db07ab2f53c" />
  <entry name="Database.cs" kind="file" id="123631" changeset="9263" />
  <entry name="DbProviderFactory.cs" kind="file" id="123632" changeset="9263" />
  <entry name="Guard.cs" kind="file" id="123633" changeset="9263" />
  <entry name="ISqlDatabase.cs" kind="file" id="123634" changeset="9263" />
  <entry name="Mobile.DataAccess.csproj" kind="file" id="123635" changeset="9278" />
  <entry name="Mobile.DataAccess.csproj.vspscc" kind="file" id="123636" changeset="9263" />
  <entry name="Properties" kind="folder" id="123676" changeset="9263" shadow="a05dcf183bc24d7981baa57d4bb6c7e8" />
  <entry name="SqlClientFactory.cs" kind="file" id="123637" changeset="9263" />
  <entry name="SqlDatabase.cs" kind="file" id="123638" changeset="9263" />
</entries>