<?xml version="1.0"?>
<entries xmlns:xsi="http://www.w3.org/2001/XMLSchema-instance" xmlns:xsd="http://www.w3.org/2001/XMLSchema">
  <entry name="" kind="folder" url="https://tfs03.codeplex.com:443/" path="$/sse/Tools/CFUnitTester/GuiTestRunner/" id="101039" changeset="7042" shadow="4098487f4a0e4e49b7c6e4cfc9eafdcd" />
  <entry name="FileUtility.cs" kind="file" id="100960" changeset="7042" />
  <entry name="GuiTestRunner.csproj" kind="file" id="100961" changeset="9227" />
  <entry name="GuiTestRunner.csproj.vspscc" kind="file" id="100962" changeset="7042" />
  <entry name="Properties" kind="folder" id="101040" changeset="7042" shadow="19c0b42126424c43a60e9f0e7bdc5182" />
  <entry name="Shellapplication.cs" kind="file" id="100963" changeset="7042" />
  <entry name="ShellForm.cs" kind="file" id="100964" changeset="7042" />
  <entry name="ShellForm.Designer.cs" kind="file" id="100965" changeset="7042" />
  <entry name="ShellForm.resx" kind="file" id="100966" changeset="9227" />
  <entry name="TestController.cs" kind="file" id="100967" changeset="7042" />
  <entry name="TextBoxTraceListener.cs" kind="file" id="100968" changeset="7042" />
</entries>