<?xml version="1.0"?>
<entries xmlns:xsi="http://www.w3.org/2001/XMLSchema-instance" xmlns:xsd="http://www.w3.org/2001/XMLSchema">
  <entry name="" kind="folder" url="https://tfs03.codeplex.com:443/" path="$/sse/Tools/CFUnitTester/UnitTesting/" id="101043" changeset="7042" shadow="0f606743c5d74bdeb5690ac12edc8bde" />
  <entry name="Assert.cs" kind="file" id="100979" changeset="7042" />
  <entry name="AssertException.cs" kind="file" id="100980" changeset="7042" />
  <entry name="ExpectedExceptionAttribute.cs" kind="file" id="100981" changeset="7042" />
  <entry name="IgnoreAttribute.cs" kind="file" id="100982" changeset="7042" />
  <entry name="Properties" kind="folder" id="101044" changeset="7042" shadow="7cb848c8219a49e297869c0f68c2def8" />
  <entry name="TestClassAttribute.cs" kind="file" id="100983" changeset="7042" />
  <entry name="TestClassMethodAttribute.cs" kind="file" id="100984" changeset="7042" />
  <entry name="TestCleanupAttribute.cs" kind="file" id="100985" changeset="7042" />
  <entry name="TestInitializeAttribute.cs" kind="file" id="100986" changeset="7042" />
  <entry name="UnitTesting.csproj" kind="file" id="100987" changeset="9274" />
  <entry name="UnitTesting.csproj.vspscc" kind="file" id="100988" changeset="7042" />
</entries>