<?xml version="1.0"?>
<entries xmlns:xsi="http://www.w3.org/2001/XMLSchema-instance" xmlns:xsd="http://www.w3.org/2001/XMLSchema">
  <entry name="" kind="folder" url="https://tfs03.codeplex.com:443/" path="$/sse/Tools/Configuration/UnitTests/" id="123671" changeset="9263" shadow="68854f078ce04e47ba3c0af16d81911a" />
  <entry name="App.CF.Config" kind="file" id="123585" changeset="9263" />
  <entry name="App.config" kind="file" id="123586" changeset="9263" />
  <entry name="AppConfig.cs" kind="file" id="123587" changeset="9263" />
  <entry name="App-with-empty-sectionname.config" kind="file" id="123580" changeset="9263" />
  <entry name="App-with-empty-sectiontype.config" kind="file" id="123581" changeset="9263" />
  <entry name="App-without-sectionname.config" kind="file" id="123583" changeset="9263" />
  <entry name="App-without-sectiontype.config" kind="file" id="123584" changeset="9263" />
  <entry name="App-with-unknown-attributes.config" kind="file" id="123582" changeset="9263" />
  <entry name="Configuration.Tests.CF.csproj" kind="file" id="123588" changeset="9274" />
  <entry name="Configuration.Tests.CF.csproj.vspscc" kind="file" id="123589" changeset="9263" />
  <entry name="Configuration.Tests.csproj" kind="file" id="123590" changeset="9263" />
  <entry name="Configuration.Tests.csproj.vspscc" kind="file" id="123591" changeset="9263" />
  <entry name="ConfigurationElementCollectionFixture.cs" kind="file" id="123592" changeset="9263" />
  <entry name="ConfigurationElementFixture.cs" kind="file" id="123593" changeset="9263" />
  <entry name="ConfigurationFixture.cs" kind="file" id="123594" changeset="9263" />
  <entry name="ConfigurationManagerFixture.cs" kind="file" id="123595" changeset="9263" />
  <entry name="ConfigurationSectionCollectionFixture.cs" kind="file" id="123596" changeset="9263" />
  <entry name="ConfigurationSectionRepositoryFixture.cs" kind="file" id="123597" changeset="9263" />
  <entry name="ConfigurationStorageOverrideFixture.cs" kind="file" id="123598" changeset="9263" />
  <entry name="ConfigurationXmlRepositoryFixture.cs" kind="file" id="123599" changeset="9263" />
  <entry name="CryptographyBlockFixture.cs" kind="file" id="123600" changeset="9263" />
  <entry name="EncryptedSectionFixture.cs" kind="file" id="123601" changeset="9263" />
  <entry name="Mocks" kind="folder" id="123672" changeset="9263" shadow="6ca78d192bce4f178279a235c9624dea" />
  <entry name="Properties" kind="folder" id="123673" changeset="9263" shadow="8e186a17f5584f12b508eff419a02600" />
  <entry name="RijndaelConfigurationProviderFixture.cs" kind="file" id="123602" changeset="9263" />
</entries>