<?xml version="1.0"?>
<entries xmlns:xsi="http://www.w3.org/2001/XMLSchema-instance" xmlns:xsd="http://www.w3.org/2001/XMLSchema">
  <entry name="" kind="folder" url="https://tfs03.codeplex.com:443/" path="$/sse/Tools/DataAccess/UnitTests/" id="123677" changeset="9263" shadow="d01b38eaffd9443cab638aaed123844d" />
  <entry name="DataAccess.Tests.CF.csproj" kind="file" id="123642" changeset="9278" />
  <entry name="DataAccess.Tests.CF.csproj.vspscc" kind="file" id="123643" changeset="9263" />
  <entry name="DataAccess.Tests.csproj" kind="file" id="123644" changeset="9278" />
  <entry name="DataAccess.Tests.csproj.vspscc" kind="file" id="123645" changeset="9263" />
  <entry name="DataAccessFixture.cs" kind="file" id="123646" changeset="9263" />
  <entry name="MockDatastore.sdf" kind="file" id="123647" changeset="9263" />
  <entry name="Mocks" kind="folder" id="123678" changeset="9263" shadow="b4a53d42e31545f0a512c4292b85ac8e" />
  <entry name="Properties" kind="folder" id="123679" changeset="9263" shadow="eaae66c7f1d94a85b4c675ccba60bf99" />
  <entry name="SqlDatabaseFixture.cs" kind="file" id="123648" changeset="9263" />
</entries>