<?xml version="1.0"?>
<entries xmlns:xsi="http://www.w3.org/2001/XMLSchema-instance" xmlns:xsd="http://www.w3.org/2001/XMLSchema">
  <entry name="" kind="folder" url="https://tfs03.codeplex.com:443/" path="$/sse/Main/Source/Model/" id="101030" changeset="7042" shadow="3f3c0ee964324604b88f22c314a6f8e7" />
  <entry name="ComparableList.cs" kind="file" id="100913" changeset="7042" />
  <entry name="ComparableStack.cs" kind="file" id="100914" changeset="7042" />
  <entry name="Feed.cs" kind="file" id="100915" changeset="8919" />
  <entry name="History.cs" kind="file" id="100916" changeset="7042" />
  <entry name="Item.cs" kind="file" id="100917" changeset="7799" />
  <entry name="Related.cs" kind="file" id="100918" changeset="7042" />
  <entry name="RelatedType.cs" kind="file" id="100919" changeset="7042" />
  <entry name="Sharing.cs" kind="file" id="100920" changeset="7042" />
  <entry name="Sync.cs" kind="file" id="100921" changeset="10586" />
</entries>