<?xml version="1.0"?>
<entries xmlns:xsi="http://www.w3.org/2001/XMLSchema-instance" xmlns:xsd="http://www.w3.org/2001/XMLSchema">
  <entry name="" kind="folder" url="https://tfs03.codeplex.com:443/" path="$/sse/Main/UnitTests/Model/" id="101035" changeset="7042" shadow="0f26852ee47545efb03085104671497c" />
  <entry name="ComparableListFixture.cs" kind="file" id="100949" changeset="7042" />
  <entry name="ComparableStackFixture.cs" kind="file" id="100950" changeset="7042" />
  <entry name="FeedFixture.cs" kind="file" id="100951" changeset="8850" />
  <entry name="HistoryFixture.cs" kind="file" id="100952" changeset="7042" />
  <entry name="ItemFixture.cs" kind="file" id="100953" changeset="10247" />
  <entry name="RelatedFixture.cs" kind="file" id="100954" changeset="7042" />
  <entry name="SharingFixture.cs" kind="file" id="100955" changeset="7042" />
  <entry name="SyncFixture.cs" kind="file" id="100956" changeset="7042" />
</entries>